<?xml version="1.0" encoding="UTF-8"?>
<beans xmlns="http://www.springframework.org/schema/beans"
    xmlns:xsi="http://www.w3.org/2001/XMLSchema-instance"
    xmlns:p="http://www.springframework.org/schema/p"
    xmlns:context="http://www.springframework.org/schema/context"
    xmlns:mvc="http://www.springframework.org/schema/mvc"
    xsi:schemaLocation="
    	http://www.springframework.org/schema/beans
		http://www.springframework.org/schema/beans/spring-beans-3.0.xsd
		http://www.springframework.org/schema/context
		http://www.springframework.org/schema/context/spring-context-3.0.xsd
		http://www.springframework.org/schema/mvc
		http://www.springframework.org/schema/mvc/spring-mvc-3.0.xsd">
    <context:component-scan base-package="com.wonderfour.controllers" />
         
    <bean id="viewResolver"
        class="org.springframework.web.servlet.view.UrlBasedViewResolver">
        <property name="viewClass"
            value="org.springframework.web.servlet.view.JstlView" />
        <property name="prefix" value="/WEB-INF/pages/" />
        <property name="suffix" value=".jsp" />
    </bean>
    
    <bean id="CreditCard" class="com.wonderfour.beans.CreditCard">
    	<property name="cardNumber" value=""/>
    </bean>
    <bean id="BillingAddress" class="com.wonderfour.beans.BillingAddress">
    	<property name="firstName" value=""/>
    	<property name="lastName" value=""/>
    	<property name="address1" value=""/>
    	<property name="address2" value=""/>
    	<property name="city" value=""/>
    	<property name="state" value=""/>
    	<property name="zip" value=""/>
    	<property name="country" value=""/>
    </bean>
    <bean id="ShippingAddress" class="com.wonderfour.beans.ShippingAddress">
    	<property name="firstName" value=""/>
    	<property name="lastName" value=""/>
    	<property name="address1" value=""/>
    	<property name="address2" value=""/>
    	<property name="city" value=""/>
    	<property name="state" value=""/>
    	<property name="zip" value=""/>
    	<property name="country" value=""/>
    </bean>
    
    <bean id="HomePageController" class="com.wonderfour.controller.HomePageController">
    	<property name="hs" ref="HomePageService"/>
    	<property name="viewPage" value="homepage"/>
    </bean>
    
    <bean id="IndexPageController" class="com.wonderfour.controller.IndexPageController">
    	<property name="is" ref="IndexPageService"/>
    	<property name="indexPage" value="books_list"/>
    </bean>
    <bean id="CartController" class="com.wonderfour.controller.CartController">
    	<property name="cartPage" value="cart"/>
    	<property name="paymentPage" value="payment"/>
    	<property name="billingPage" value="billing"/>
    	<property name="shippingPage" value="shipping"/>
    	<property name="creditCard" ref="CreditCard"/>
    	<property name="billingAddress" ref="BillingAddress"/>
    	<property name="shippingAddress" ref="ShippingAddress"/>
    </bean>
    
    <bean id="HomePageService" class="com.wonderfour.service.HomePageService">
    	<property name="hd" ref="HomePageDao"/>
    </bean>
    <bean id="IndexPageService" class="com.wonderfour.service.IndexPageService">
    	<property name="id" ref="IndexPageDao"/>
    </bean>
    <bean id="HomePageDao" class="com.wonderfour.dao.impl.HomePageDaoImpl">
    	<property name="sessionFactory" ref="sessionFactory"/>
    </bean>
    <bean id="IndexPageDao" class="com.wonderfour.dao.impl.IndexPageDaoImpl">
    	<property name="sessionFactory" ref="sessionFactory"/>
    </bean>
    <bean id="sessionFactory" class="org.springframework.orm.hibernate3.LocalSessionFactoryBean"> 
		<property name="dataSource" ref="dataSource"/>
		<property name="mappingResources">
			<list>
				<value>com/wonderfour/mappings/User-to-Order.hbm.xml</value>
				<!-- <value>com/mercury/mappings/User-to-Card.hbm.xml</value> -->
				<value>com/wonderfour/mappings/Book.hbm.xml</value>
			</list>
		</property>
		<property name="hibernateProperties">
			<props>
				<prop key="hibernate.dialect">org.hibernate.dialect.MySQLDialect</prop>
				<prop key="hibernate.show_sql">true</prop>
			</props>
		</property>
	</bean>
    <bean id="dataSource" class="org.springframework.jndi.JndiObjectFactoryBean">
    	<property name="jndiName" value="java:comp/env/jdbc/bookstores" />
	</bean>
	<mvc:annotation-driven/>
</beans>
